book,title
Harry Potter and the Chamber of Secrets,Mason
Harry Potter and the Chamber of Secrets,Mason's wife
Harry Potter and the Chamber of Secrets,Dobby
Harry Potter and the Chamber of Secrets,Mafalda Hopkirk
Harry Potter and the Chamber of Secrets,Errol
Harry Potter and the Chamber of Secrets,Perkins
Harry Potter and the Chamber of Secrets,Weasley family
Harry Potter and the Chamber of Secrets,Gnome
Harry Potter and the Chamber of Secrets,Weasley family
Harry Potter and the Chamber of Secrets,Chicken (animal)
Harry Potter and the Chamber of Secrets,Celestina Warbeck
Harry Potter and the Chamber of Secrets,Gilderoy Lockhart
Harry Potter and the Chamber of Secrets,Father Christmas
Harry Potter and the Chamber of Secrets,Mundungus Fletcher
Harry Potter and the Chamber of Secrets,Mortlake
Harry Potter and the Chamber of Secrets,Weasley family ghoul
Harry Potter and the Chamber of Secrets,Chudley Cannons
Harry Potter and the Chamber of Secrets,Martin Miggs
Harry Potter and the Chamber of Secrets,Borgin
Harry Potter and the Chamber of Secrets,Aged witch
Harry Potter and the Chamber of Secrets,Hermione Granger's father
Harry Potter and the Chamber of Secrets,Hermione Granger's mother
Harry Potter and the Chamber of Secrets,Dr Filibuster's Fireworks
Harry Potter and the Chamber of Secrets,Bozo
Harry Potter and the Chamber of Secrets,Manager of Flourish and Blotts
Harry Potter and the Chamber of Secrets,Hetty Bayliss
Harry Potter and the Chamber of Secrets,Angus Fleet
Harry Potter and the Chamber of Secrets,Justin Finch-Fletchley's mother
Harry Potter and the Chamber of Secrets,Colin Creevey
Harry Potter and the Chamber of Secrets,Colin Creevey's father
Harry Potter and the Chamber of Secrets,Bandon Banshee
Harry Potter and the Chamber of Secrets,Ogden
Harry Potter and the Chamber of Secrets,Pixie
Harry Potter and the Chamber of Secrets,Gladys Gudgeon
Harry Potter and the Chamber of Secrets,Veronica Smethley
Harry Potter and the Chamber of Secrets,Patrick Delaney-Podmore
Harry Potter and the Chamber of Secrets,Z. Nettles
Harry Potter and the Chamber of Secrets,Demetrius Prod
Harry Potter and the Chamber of Secrets,Fire Dwelling Salamander
Harry Potter and the Chamber of Secrets,Portly ghost
Harry Potter and the Chamber of Secrets,Myrtle Warren
Harry Potter and the Chamber of Secrets,Wailing Widow
Harry Potter and the Chamber of Secrets,Ghost
Harry Potter and the Chamber of Secrets,Skower
Harry Potter and the Chamber of Secrets,Godric Gryffindor
Harry Potter and the Chamber of Secrets,Helga Hufflepuff
Harry Potter and the Chamber of Secrets,Rowena Ravenclaw
Harry Potter and the Chamber of Secrets,Salazar Slytherin
Harry Potter and the Chamber of Secrets,Transylvania
Harry Potter and the Chamber of Secrets,Yeti
Harry Potter and the Chamber of Secrets,Vampire
Harry Potter and the Chamber of Secrets,Wagga Wagga Werewolf
Harry Potter and the Chamber of Secrets,Ernest Macmillan
Harry Potter and the Chamber of Secrets,Fawcett
Harry Potter and the Chamber of Secrets,Blood-Sucking Bugbear
Harry Potter and the Chamber of Secrets,Aurora Sinistra
Harry Potter and the Chamber of Secrets,Fawkes
Harry Potter and the Chamber of Secrets,Penelope Clearwater
Harry Potter and the Chamber of Secrets,Millicent Bulstrode's cat
Harry Potter and the Chamber of Secrets,Dwarf
Harry Potter and the Chamber of Secrets,Armando Dippet
Harry Potter and the Chamber of Secrets,Aragog
Harry Potter and the Chamber of Secrets,Hogwarts Board of Governors
Harry Potter and the Chamber of Secrets,Mosag
Harry Potter and the Chamber of Secrets,Forbidden Forest Acromantula colony
Harry Potter and the Chamber of Secrets,Olive Hornby
Harry Potter and the Chamber of Secrets,Tom Riddle Senior
Harry Potter and the Chamber of Secrets,Merope Riddle
Harry Potter and the Chamber of Secrets,Serpent of Slytherin
Harry Potter and the Chamber of Secrets,Harry Potter
Harry Potter and the Chamber of Secrets,Alice Farrell
Harry Potter and the Chamber of Secrets,Butterbeer Chewy Candy
Harry Potter and the Chamber of Secrets,Muthead
Harry Potter and the Deathly Hallows,Malfoy family
Harry Potter and the Deathly Hallows,Albino peacock
Harry Potter and the Deathly Hallows,Pius Thicknesse
Harry Potter and the Deathly Hallows,Charity Burbage
Harry Potter and the Deathly Hallows,Percival Dumbledore
Harry Potter and the Deathly Hallows,Unidentified Mould-on-the-Wold boys
Harry Potter and the Deathly Hallows,Kendra Dumbledore
Harry Potter and the Deathly Hallows,Ariana Dumbledore
Harry Potter and the Deathly Hallows,Betty Braithwaite
Harry Potter and the Deathly Hallows,Ivor Dillonsby
Harry Potter and the Deathly Hallows,Selwyn
Harry Potter and the Deathly Hallows,Hedwig's killer
Harry Potter and the Deathly Hallows,Delacour sisters' father
Harry Potter and the Deathly Hallows,Dragomir Gorgovitch
Harry Potter and the Deathly Hallows,Beedle the Bard
Harry Potter and the Deathly Hallows,Babbitty Rabbity
Harry Potter and the Deathly Hallows,Lancelot (Healer)
Harry Potter and the Deathly Hallows,Ronald Weasley's uncle
Harry Potter and the Deathly Hallows,Weasley family
Harry Potter and the Deathly Hallows,Red-haired Muggle boy
Harry Potter and the Deathly Hallows,Delacour sisters' cousins
Harry Potter and the Deathly Hallows,Squat wizard in purple porkpie hat
Harry Potter and the Deathly Hallows,Muriel's mother
Harry Potter and the Deathly Hallows,Viktor Krum's grandfather
Harry Potter and the Deathly Hallows,Waiters at Bill Weasley and Fleur Delacour's wedding
Harry Potter and the Deathly Hallows,Band at Bill Weasley and Fleur Delacour's wedding
Harry Potter and the Deathly Hallows,Other unnamed wedding guests
Harry Potter and the Deathly Hallows,Workmen at Tottenham Court Road
Harry Potter and the Deathly Hallows,Waitress at Luchino Caffe
Harry Potter and the Deathly Hallows,Potter family cat
Harry Potter and the Deathly Hallows,Unidentified Death Eaters
Harry Potter and the Deathly Hallows,British Ministry of Magic
Harry Potter and the Deathly Hallows,Wizardkind
Harry Potter and the Deathly Hallows,Magical Maintenance Department
Harry Potter and the Deathly Hallows,German-speaking woman
Harry Potter and the Deathly Hallows,German-speaking children
Harry Potter and the Deathly Hallows,Reginald Cattermole
Harry Potter and the Deathly Hallows,Albert Runcorn
Harry Potter and the Deathly Hallows,Mary Cattermole
Harry Potter and the Deathly Hallows,Wakanda
Harry Potter and the Deathly Hallows,Bernie
Harry Potter and the Deathly Hallows,Bletchley
Harry Potter and the Deathly Hallows,Dirk Cresswell's wife
Harry Potter and the Deathly Hallows,Cresswell brothers
Harry Potter and the Deathly Hallows,Dirk Cresswell's friends
Harry Potter and the Deathly Hallows,Arkie Alderton
Harry Potter and the Deathly Hallows,Arkie Alderton's alleged son
Harry Potter and the Deathly Hallows,Maisie Cattermole
Harry Potter and the Deathly Hallows,Ellie Cattermole
Harry Potter and the Deathly Hallows,Alfred Cattermole
Harry Potter and the Deathly Hallows,Gornuk
Harry Potter and the Deathly Hallows,Bowman Wright
Harry Potter and the Deathly Hallows,Unidentified Muggle man Christmas shopping
Harry Potter and the Deathly Hallows,Unidentified Muggle woman Christmas shopping
Harry Potter and the Deathly Hallows,Abbott (Godric's Hollow)
Harry Potter and the Deathly Hallows,Ignotus Peverell
Harry Potter and the Deathly Hallows,Unidentified Muggle child who greets Lord Voldemort
Harry Potter and the Deathly Hallows,Barnabus Finkley
Harry Potter and the Deathly Hallows,Enid Smeek
Harry Potter and the Deathly Hallows,Snatchers
Harry Potter and the Deathly Hallows,Foul-smelling Snatcher
Harry Potter and the Deathly Hallows,Egbert the Egregious
Harry Potter and the Deathly Hallows,Godelot
Harry Potter and the Deathly Hallows,Hereward
Harry Potter and the Deathly Hallows,Loxias
Harry Potter and the Deathly Hallows,Barnabas Deverill
Harry Potter and the Deathly Hallows,Arcus
Harry Potter and the Deathly Hallows,Livius
Harry Potter and the Deathly Hallows,Antioch Peverell
Harry Potter and the Deathly Hallows,Cadmus Peverell
Harry Potter and the Deathly Hallows,Death (The Tale of the Three Brothers)
Harry Potter and the Deathly Hallows,Dean Thomas's half-siblings
Harry Potter and the Deathly Hallows,Muggle family of five
Harry Potter and the Deathly Hallows,Scabior
Harry Potter and the Deathly Hallows,Dudley
Harry Potter and the Deathly Hallows,Snatchers
Harry Potter and the Deathly Hallows,Ragnuk
Harry Potter and the Deathly Hallows,Edward Lupin
Harry Potter and the Deathly Hallows,Marius
Harry Potter and the Deathly Hallows,Unidentified Gringotts guard (I)
Harry Potter and the Deathly Hallows,Bogrod
Harry Potter and the Deathly Hallows,Wandless
Harry Potter and the Deathly Hallows,Gringott's Dragon
Harry Potter and the Deathly Hallows,Unidentified goblin killed by Voldemort
Harry Potter and the Deathly Hallows,Ravenclaw
Harry Potter and the Deathly Hallows,Ravenclaw boy who prodded Alecto Carrow
Harry Potter and the Deathly Hallows,Mary Macdonald
Harry Potter and the Deathly Hallows,Lily Potter (II)
Harry Potter and the Deathly Hallows,James Potter (II)
Harry Potter and the Deathly Hallows,Albus Potter
Harry Potter and the Deathly Hallows,James Potter (II)'s owl
Harry Potter and the Deathly Hallows,Albus Potter's owl
Harry Potter and the Deathly Hallows,Rose Granger-Weasley
Harry Potter and the Deathly Hallows,Hugo Granger-Weasley
Harry Potter and the Deathly Hallows,Scorpius Malfoy
Harry Potter and the Deathly Hallows,Victoire Weasley
Harry Potter and the Deathly Hallows,Astoria Malfoy
Harry Potter and the Deathly Hallows,James Potter (II)'s friends
Harry Potter and the Deathly Hallows,Harry Potter
Harry Potter and the Deathly Hallows,Alice Farrell
Harry Potter and the Deathly Hallows,Butterbeer Chewy Candy
Harry Potter and the Deathly Hallows,Muthead
Harry Potter and the Goblet of Fire,Mary Riddle
Harry Potter and the Goblet of Fire,Thomas Riddle
Harry Potter and the Goblet of Fire,Riddles' maid
Harry Potter and the Goblet of Fire,Riddles' cook
Harry Potter and the Goblet of Fire,Frank Bryce
Harry Potter and the Goblet of Fire,Landlord of The Hanged Man
Harry Potter and the Goblet of Fire,Dot
Harry Potter and the Goblet of Fire,Little Hangleton
Harry Potter and the Goblet of Fire,Great Hangleton
Harry Potter and the Goblet of Fire,Riddle House
Harry Potter and the Goblet of Fire,Little Hangleton boys
Harry Potter and the Goblet of Fire,Nagini
Harry Potter and the Goblet of Fire,Bertha Jorkins
Harry Potter and the Goblet of Fire,Smeltings Academy
Harry Potter and the Goblet of Fire,Little Whinging postman
Harry Potter and the Goblet of Fire,Bartemius Crouch Senior
Harry Potter and the Goblet of Fire,Ludovic Bagman
Harry Potter and the Goblet of Fire,Otto Bagman
Harry Potter and the Goblet of Fire,Viktor Krum
Harry Potter and the Goblet of Fire,Amos Diggory
Harry Potter and the Goblet of Fire,Lovegood family
Harry Potter and the Goblet of Fire,Fawcett family
Harry Potter and the Goblet of Fire,Basil
Harry Potter and the Goblet of Fire,Basil's colleague
Harry Potter and the Goblet of Fire,Payne
Harry Potter and the Goblet of Fire,Roberts's Obliviator
Harry Potter and the Goblet of Fire,Kevin
Harry Potter and the Goblet of Fire,Kevin's mother
Harry Potter and the Goblet of Fire,Kevin's father
Harry Potter and the Goblet of Fire,Salem Witches' Institute
Harry Potter and the Goblet of Fire,Archie Aymslowe
Harry Potter and the Goblet of Fire,Oliver Wood's father
Harry Potter and the Goblet of Fire,Oliver Wood's mother
Harry Potter and the Goblet of Fire,Bill Weasley's Brazilian pen-friend
Harry Potter and the Goblet of Fire,Cuthbert Mockridge
Harry Potter and the Goblet of Fire,Gilbert Wimple
Harry Potter and the Goblet of Fire,Arnold Peasegood
Harry Potter and the Goblet of Fire,Broderick Bode
Harry Potter and the Goblet of Fire,Saul Croaker
Harry Potter and the Goblet of Fire,Roddy Pontner
Harry Potter and the Goblet of Fire,Agatha Timms
Harry Potter and the Goblet of Fire,Ali Bashir
Harry Potter and the Goblet of Fire,Bartemius Crouch Snr's grandfather
Harry Potter and the Goblet of Fire,Omnioculars
Harry Potter and the Goblet of Fire,Winky
Harry Potter and the Goblet of Fire,Oblansk
Harry Potter and the Goblet of Fire,Mungo Bonham
Harry Potter and the Goblet of Fire,Veela
Harry Potter and the Goblet of Fire,Leprechaun
Harry Potter and the Goblet of Fire,Vasily Dimitrov
Harry Potter and the Goblet of Fire,Clara Ivanova
Harry Potter and the Goblet of Fire,Lev Zograf
Harry Potter and the Goblet of Fire,Alexei Levski
Harry Potter and the Goblet of Fire,Pyotr Vulchanov
Harry Potter and the Goblet of Fire,Ivan Volkov
Harry Potter and the Goblet of Fire,Connolly
Harry Potter and the Goblet of Fire,Barry Ryan
Harry Potter and the Goblet of Fire,Troy
Harry Potter and the Goblet of Fire,Mullet
Harry Potter and the Goblet of Fire,Moran
Harry Potter and the Goblet of Fire,Quigley
Harry Potter and the Goblet of Fire,Aidan Lynch
Harry Potter and the Goblet of Fire,Hassan Mostafa
Harry Potter and the Goblet of Fire,Roberts's wife
Harry Potter and the Goblet of Fire,Roberts children
Harry Potter and the Goblet of Fire,Unidentified Beauxbatons students
Harry Potter and the Goblet of Fire,Olympe Maxime
Harry Potter and the Goblet of Fire,Wizard who claimed to be a dragon killer
Harry Potter and the Goblet of Fire,Wizard who claimed to be a Vampire Hunter
Harry Potter and the Goblet of Fire,Ministry witch in woollen dressing gown
Harry Potter and the Goblet of Fire,Rita Skeeter
Harry Potter and the Goblet of Fire,Alastor Moody
Harry Potter and the Goblet of Fire,Dennis Creevey
Harry Potter and the Goblet of Fire,Stewart Ackerley
Harry Potter and the Goblet of Fire,Malcolm Baddock
Harry Potter and the Goblet of Fire,Eleanor Branstone
Harry Potter and the Goblet of Fire,Owen Cauldwell
Harry Potter and the Goblet of Fire,Emma Dobbs
Harry Potter and the Goblet of Fire,Laura Madley
Harry Potter and the Goblet of Fire,Natalie McDonald
Harry Potter and the Goblet of Fire,Graham Pritchard
Harry Potter and the Goblet of Fire,Orla Quirke
Harry Potter and the Goblet of Fire,Kevin Whitby
Harry Potter and the Goblet of Fire,Hogwarts house-elves
Harry Potter and the Goblet of Fire,Bartemius Crouch Junior
Harry Potter and the Goblet of Fire,Eloise Midgen
Harry Potter and the Goblet of Fire,Blast-Ended Skrewt
Harry Potter and the Goblet of Fire,Beauxbatons Academy of Magic
Harry Potter and the Goblet of Fire,Abraxan
Harry Potter and the Goblet of Fire,Igor Karkaroff
Harry Potter and the Goblet of Fire,Poliakoff
Harry Potter and the Goblet of Fire,Summers
Harry Potter and the Goblet of Fire,Fleur Delacour
Harry Potter and the Goblet of Fire,Violet
Harry Potter and the Goblet of Fire,Apolline Delacour's mother
Harry Potter and the Goblet of Fire,Mykew Gregorovitch
Harry Potter and the Goblet of Fire,Unidentified female Hungarian Horntail
Harry Potter and the Goblet of Fire,Unidentified female Chinese Fireball
Harry Potter and the Goblet of Fire,Unidentified female Swedish Shortsnout
Harry Potter and the Goblet of Fire,Unidentified female Common Welsh Green
Harry Potter and the Goblet of Fire,Charlie Weasley's colleagues
Harry Potter and the Goblet of Fire,Winky's mother
Harry Potter and the Goblet of Fire,Winky's grandmother
Harry Potter and the Goblet of Fire,Unidentified Hufflepuff girl (III)
Harry Potter and the Goblet of Fire,Unidentified second year girl
Harry Potter and the Goblet of Fire,Unidentified fifth year girl
Harry Potter and the Goblet of Fire,Weird Sisters
Harry Potter and the Goblet of Fire,Joey Jenkins
Harry Potter and the Goblet of Fire,Stebbins (Potter-era)
Harry Potter and the Goblet of Fire,Unidentified Beauxbatons students
Harry Potter and the Goblet of Fire,Fridwulfa
Harry Potter and the Goblet of Fire,Rubeus Hagrid's father
Harry Potter and the Goblet of Fire,Boris the Bewildered
Harry Potter and the Goblet of Fire,Wilhelmina Grubbly-Plank
Harry Potter and the Goblet of Fire,Care of Magical Creatures
Harry Potter and the Goblet of Fire,Unicorn
Harry Potter and the Goblet of Fire,Ludovic Bagman's goblin creditors
Harry Potter and the Goblet of Fire,Bertha Jorkins's second cousin
Harry Potter and the Goblet of Fire,Bertha Jorkins's aunt
Harry Potter and the Goblet of Fire,Aberforth Dumbledore
Harry Potter and the Goblet of Fire,Olive Hornby's brother
Harry Potter and the Goblet of Fire,Unicorn
Harry Potter and the Goblet of Fire,Great Lake
Harry Potter and the Goblet of Fire,Grindylow
Harry Potter and the Goblet of Fire,Great Lake Selkie colony
Harry Potter and the Goblet of Fire,Gabrielle Delacour
Harry Potter and the Goblet of Fire,Murcus
Harry Potter and the Goblet of Fire,Bartemius Crouch Jr's mother
Harry Potter and the Goblet of Fire,Evan Rosier
Harry Potter and the Goblet of Fire,Wilkes
Harry Potter and the Goblet of Fire,Bellatrix Lestrange
Harry Potter and the Goblet of Fire,Rodolphus Lestrange (II)
Harry Potter and the Goblet of Fire,Avery (Marauder-era)
Harry Potter and the Goblet of Fire,Care of Magical Creatures
Harry Potter and the Goblet of Fire,Niffler
Harry Potter and the Goblet of Fire,Old muggle tramp
Harry Potter and the Goblet of Fire,Cornelius Fudge's wife
Harry Potter and the Goblet of Fire,Andorran Ministry of Magic
Harry Potter and the Goblet of Fire,Antonin Dolohov
Harry Potter and the Goblet of Fire,Travers
Harry Potter and the Goblet of Fire,Mulciber (Marauder-era)
Harry Potter and the Goblet of Fire,Augustus Rookwood
Harry Potter and the Goblet of Fire,Ludovic Bagman's father
Harry Potter and the Goblet of Fire,Unidentified female Council of Magical Law juror
Harry Potter and the Goblet of Fire,Rabastan Lestrange
Harry Potter and the Goblet of Fire,Frank Longbottom
Harry Potter and the Goblet of Fire,Alice Longbottom
Harry Potter and the Goblet of Fire,Florence (Hogwarts student)
Harry Potter and the Goblet of Fire,Florence's boyfriend
Harry Potter and the Goblet of Fire,Apolline Delacour
Harry Potter and the Goblet of Fire,Cedric Diggory's mother
Harry Potter and the Goblet of Fire,Viktor Krum's father
Harry Potter and the Goblet of Fire,Viktor Krum's mother
Harry Potter and the Goblet of Fire,Apollyon Pringle
Harry Potter and the Goblet of Fire,Ogg
Harry Potter and the Goblet of Fire,Bodrod the Bearded
Harry Potter and the Goblet of Fire,Urg the Unclean
Harry Potter and the Goblet of Fire,Triwizard Maze
Harry Potter and the Goblet of Fire,Boggart
Harry Potter and the Goblet of Fire,Triwizard Maze
Harry Potter and the Goblet of Fire,Sphinx
Harry Potter and the Goblet of Fire,Triwizard Maze
Harry Potter and the Goblet of Fire,Spider
Harry Potter and the Goblet of Fire,Crabbe
Harry Potter and the Goblet of Fire,Goyle
Harry Potter and the Goblet of Fire,Nott
Harry Potter and the Goblet of Fire,Lee Jordan's father
Harry Potter and the Goblet of Fire,Harry Potter
Harry Potter and the Goblet of Fire,Alice Farrell
Harry Potter and the Goblet of Fire,Butterbeer Chewy Candy
Harry Potter and the Goblet of Fire,Muthead
Harry Potter and the Half-Blood Prince,President of foreign country
Harry Potter and the Half-Blood Prince,Prime Minister's political opponent
Harry Potter and the Half-Blood Prince,Herbert Chorley
Harry Potter and the Half-Blood Prince,Ulick Gamp
Harry Potter and the Half-Blood Prince,Prime Minister's niece
Harry Potter and the Half-Blood Prince,Prime Minister's personal secretary
Harry Potter and the Half-Blood Prince,Chancellor of the Exchequer
Harry Potter and the Half-Blood Prince,Fox near Spinner's End
Harry Potter and the Half-Blood Prince,Corban Yaxley
Harry Potter and the Half-Blood Prince,Amycus Carrow
Harry Potter and the Half-Blood Prince,Alecto Carrow
Harry Potter and the Half-Blood Prince,Fenrir Greyback
Harry Potter and the Half-Blood Prince,Horace Slughorn
Harry Potter and the Half-Blood Prince,Dirk Cresswell
Harry Potter and the Half-Blood Prince,Barnabas Cuffe
Harry Potter and the Half-Blood Prince,Ciceron Harkiss
Harry Potter and the Half-Blood Prince,Gwenog Jones
Harry Potter and the Half-Blood Prince,Arkie Philpott
Harry Potter and the Half-Blood Prince,Ministry of Magic Car Driver
Harry Potter and the Half-Blood Prince,Amulet
Harry Potter and the Half-Blood Prince,Verity
Harry Potter and the Half-Blood Prince,Arnold (Pygmy Puff)
Harry Potter and the Half-Blood Prince,Unidentified Aurors
Harry Potter and the Half-Blood Prince,Romilda Vane
Harry Potter and the Half-Blood Prince,Unidentified third year girl
Harry Potter and the Half-Blood Prince,Cormac McLaggen
Harry Potter and the Half-Blood Prince,Marcus Belby
Harry Potter and the Half-Blood Prince,Damocles Belby
Harry Potter and the Half-Blood Prince,Marcus Belby's father
Harry Potter and the Half-Blood Prince,Tiberius
Harry Potter and the Half-Blood Prince,Bertie Higgs
Harry Potter and the Half-Blood Prince,Blaise Zabini's mother
Harry Potter and the Half-Blood Prince,Proudfoot (Auror)
Harry Potter and the Half-Blood Prince,Savage
Harry Potter and the Half-Blood Prince,Unidentified Gryffindor fourth year boy
Harry Potter and the Half-Blood Prince,Libatius Borage
Harry Potter and the Half-Blood Prince,Hector Dagworth-Granger
Harry Potter and the Half-Blood Prince,Abraxas Malfoy
Harry Potter and the Half-Blood Prince,Humphrey Belcher
Harry Potter and the Half-Blood Prince,Bob Ogden
Harry Potter and the Half-Blood Prince,Marvolo Gaunt
Harry Potter and the Half-Blood Prince,Morfin Gaunt
Harry Potter and the Half-Blood Prince,Cecilia
Harry Potter and the Half-Blood Prince,Tom Riddle's chestnut horse
Harry Potter and the Half-Blood Prince,Patil twins' father
Harry Potter and the Half-Blood Prince,Patil twins' mother
Harry Potter and the Half-Blood Prince,Eloise Midgen's father
Harry Potter and the Half-Blood Prince,Hannah Abbott's mother
Harry Potter and the Half-Blood Prince,Demelza Robins
Harry Potter and the Half-Blood Prince,Jimmy Peakes
Harry Potter and the Half-Blood Prince,Ritchie Coote
Harry Potter and the Half-Blood Prince,Melinda Bobbin
Harry Potter and the Half-Blood Prince,Leanne
Harry Potter and the Half-Blood Prince,Caractacus Burke
Harry Potter and the Half-Blood Prince,Unidentified Wool's Orphanage girl
Harry Potter and the Half-Blood Prince,Cole
Harry Potter and the Half-Blood Prince,Martha (disambiguation)
Harry Potter and the Half-Blood Prince,Billy Stubbs
Harry Potter and the Half-Blood Prince,Eric Whalley
Harry Potter and the Half-Blood Prince,Billy Stubbs's Rabbit
Harry Potter and the Half-Blood Prince,Amy Benson
Harry Potter and the Half-Blood Prince,Dennis Bishop
Harry Potter and the Half-Blood Prince,Muriel
Harry Potter and the Half-Blood Prince,Vaisey
Harry Potter and the Half-Blood Prince,Urquhart
Harry Potter and the Half-Blood Prince,Harper
Harry Potter and the Half-Blood Prince,Romilda Vane's grandmother
Harry Potter and the Half-Blood Prince,Eldred Worple
Harry Potter and the Half-Blood Prince,Sanguini
Harry Potter and the Half-Blood Prince,Gawain Robards
Harry Potter and the Half-Blood Prince,Fergus
Harry Potter and the Half-Blood Prince,Galatea Merrythought
Harry Potter and the Half-Blood Prince,Lestrange
Harry Potter and the Half-Blood Prince,Avery (Riddle-era)
Harry Potter and the Half-Blood Prince,Scarpin
Harry Potter and the Half-Blood Prince,Wilkie Twycross
Harry Potter and the Half-Blood Prince,Unidentifed Hufflepuff Captain
Harry Potter and the Half-Blood Prince,Cadwallader
Harry Potter and the Half-Blood Prince,Hokey
Harry Potter and the Half-Blood Prince,Hepzibah Smith
Harry Potter and the Half-Blood Prince,Hepzibah Smith's Family
Harry Potter and the Half-Blood Prince,Rosier
Harry Potter and the Half-Blood Prince,Mulciber (Riddle-era)
Harry Potter and the Half-Blood Prince,Octavius Pepper
Harry Potter and the Half-Blood Prince,Unidentified nine-year old
Harry Potter and the Half-Blood Prince,Unidentified nine-year old's grandparents
Harry Potter and the Half-Blood Prince,Montgomery sisters
Harry Potter and the Half-Blood Prince,Montgomery
Harry Potter and the Half-Blood Prince,Montgomery siblings' mother
Harry Potter and the Half-Blood Prince,Odo
Harry Potter and the Half-Blood Prince,Katie Bell's father
Harry Potter and the Half-Blood Prince,Katie Bell's mother
Harry Potter and the Half-Blood Prince,Bertram Aubrey
Harry Potter and the Half-Blood Prince,Inferius
Harry Potter and the Half-Blood Prince,Thorfinn Rowle
Harry Potter and the Half-Blood Prince,Gibbon
Harry Potter and the Half-Blood Prince,Zacharias Smith's father
Harry Potter and the Half-Blood Prince,Rosalind Bungs
Harry Potter and the Half-Blood Prince,Rupert Brookstanton
Harry Potter and the Half-Blood Prince,Ceremony official
Harry Potter and the Half-Blood Prince,Harry Potter
Harry Potter and the Half-Blood Prince,Alice Farrell
Harry Potter and the Half-Blood Prince,Butterbeer Chewy Candy
Harry Potter and the Half-Blood Prince,Muthead
Harry Potter and the Order of the Phoenix,Unnamed Newsreader
Harry Potter and the Order of the Phoenix,Bungy
Harry Potter and the Order of the Phoenix,Mary Dorkins
Harry Potter and the Order of the Phoenix,Mark Evans
Harry Potter and the Order of the Phoenix,Dementor
Harry Potter and the Order of the Phoenix,Prentice
Harry Potter and the Order of the Phoenix,Nymphadora Tonks
Harry Potter and the Order of the Phoenix,Kingsley Shacklebolt
Harry Potter and the Order of the Phoenix,Elphias Doge
Harry Potter and the Order of the Phoenix,Emmeline Vance
Harry Potter and the Order of the Phoenix,Sturgis Podmore
Harry Potter and the Order of the Phoenix,Hestia Jones
Harry Potter and the Order of the Phoenix,Edward Tonks
Harry Potter and the Order of the Phoenix,Andromeda Tonks
Harry Potter and the Order of the Phoenix,Kreacher
Harry Potter and the Order of the Phoenix,Walburga Black
Harry Potter and the Order of the Phoenix,Phineas Nigellus Black
Harry Potter and the Order of the Phoenix,Kreacher's mother
Harry Potter and the Order of the Phoenix,Doxy
Harry Potter and the Order of the Phoenix,Nottingham
Harry Potter and the Order of the Phoenix,Goblin
Harry Potter and the Order of the Phoenix,Ragnok
Harry Potter and the Order of the Phoenix,Will
Harry Potter and the Order of the Phoenix,Warty Harris
Harry Potter and the Order of the Phoenix,Millicent Bagnold
Harry Potter and the Order of the Phoenix,Fleamont Potter
Harry Potter and the Order of the Phoenix,Euphemia Potter
Harry Potter and the Order of the Phoenix,Alphard Black
Harry Potter and the Order of the Phoenix,Orion Black
Harry Potter and the Order of the Phoenix,Regulus Black
Harry Potter and the Order of the Phoenix,Araminta Meliflua Black
Harry Potter and the Order of the Phoenix,Elladora Black
Harry Potter and the Order of the Phoenix,Arcturus Black (III)
Harry Potter and the Order of the Phoenix,Ghoul
Harry Potter and the Order of the Phoenix,Boggart
Harry Potter and the Order of the Phoenix,Rufus Scrimgeour
Harry Potter and the Order of the Phoenix,Amelia Bones
Harry Potter and the Order of the Phoenix,Eric Munch
Harry Potter and the Order of the Phoenix,Bob
Harry Potter and the Order of the Phoenix,Dolores Umbridge
Harry Potter and the Order of the Phoenix,Wilbert Slinkhard
Harry Potter and the Order of the Phoenix,Marlene McKinnon
Harry Potter and the Order of the Phoenix,Benjy Fenwick
Harry Potter and the Order of the Phoenix,Edgar Bones
Harry Potter and the Order of the Phoenix,Caradoc Dearborn
Harry Potter and the Order of the Phoenix,Gideon Prewett
Harry Potter and the Order of the Phoenix,Fabian Prewett
Harry Potter and the Order of the Phoenix,Dorcas Meadowes
Harry Potter and the Order of the Phoenix,Luna Lovegood
Harry Potter and the Order of the Phoenix,Anthony Goldstein
Harry Potter and the Order of the Phoenix,Doris Purkiss
Harry Potter and the Order of the Phoenix,Stubby Boardman
Harry Potter and the Order of the Phoenix,Xenophilius Lovegood
Harry Potter and the Order of the Phoenix,Hogwarts Thestral herd
Harry Potter and the Order of the Phoenix,Euan Abercrombie
Harry Potter and the Order of the Phoenix,Rose Zeller
Harry Potter and the Order of the Phoenix,Dean Thomas's mother
Harry Potter and the Order of the Phoenix,Dean Thomas's father
Harry Potter and the Order of the Phoenix,Patricia Stimpson
Harry Potter and the Order of the Phoenix,Kenneth Towler
Harry Potter and the Order of the Phoenix,Inigo Imago
Harry Potter and the Order of the Phoenix,Care of Magical Creatures
Harry Potter and the Order of the Phoenix,Bowtruckle
Harry Potter and the Order of the Phoenix,Lachlan the Lanky
Harry Potter and the Order of the Phoenix,Vicky Frobisher
Harry Potter and the Order of the Phoenix,Geoffrey Hooper
Harry Potter and the Order of the Phoenix,Wilfred the Wistful
Harry Potter and the Order of the Phoenix,Cho Chang's mother
Harry Potter and the Order of the Phoenix,Donaghan Tremlett
Harry Potter and the Order of the Phoenix,Griselda Marchbanks
Harry Potter and the Order of the Phoenix,Tiberius Ogden
Harry Potter and the Order of the Phoenix,Cassandra Trelawney
Harry Potter and the Order of the Phoenix,Marietta Edgecombe
Harry Potter and the Order of the Phoenix,Michael Corner
Harry Potter and the Order of the Phoenix,Zacharias Smith
Harry Potter and the Order of the Phoenix,Unidentified Gryffindor boy
Harry Potter and the Order of the Phoenix,Unidentified Gryffindor boy's friend
Harry Potter and the Order of the Phoenix,Curious Gryffindor Girl
Harry Potter and the Order of the Phoenix,Gargoyles at the staffroom entrance
Harry Potter and the Order of the Phoenix,Barnabas the Barmy
Harry Potter and the Order of the Phoenix,Marietta Edgecombe's father
Harry Potter and the Order of the Phoenix,Marietta Edgecombe's mother
Harry Potter and the Order of the Phoenix,Cho Chang's father
Harry Potter and the Order of the Phoenix,Ladislaw Zamojski
Harry Potter and the Order of the Phoenix,Karkus
Harry Potter and the Order of the Phoenix,Karkus' wife
Harry Potter and the Order of the Phoenix,Golgomath
Harry Potter and the Order of the Phoenix,Tenebrus
Harry Potter and the Order of the Phoenix,Neville Longbottom's grandfather
Harry Potter and the Order of the Phoenix,Andrew Kirke
Harry Potter and the Order of the Phoenix,Jack Sloper
Harry Potter and the Order of the Phoenix,Everard
Harry Potter and the Order of the Phoenix,Dilys Derwent
Harry Potter and the Order of the Phoenix,Elfrida Cragg
Harry Potter and the Order of the Phoenix,Dexter Fortescue
Harry Potter and the Order of the Phoenix,Gimlet-eyed Hogwarts Headmistress
Harry Potter and the Order of the Phoenix,"Dummy at Purge and Dowse, Ltd"
Harry Potter and the Order of the Phoenix,St Mungo's Welcome Witch
Harry Potter and the Order of the Phoenix,Dai Llewellyn
Harry Potter and the Order of the Phoenix,Hippocrates Smethwyck
Harry Potter and the Order of the Phoenix,Augustus Pye
Harry Potter and the Order of the Phoenix,Urquhart Rackharrow
Harry Potter and the Order of the Phoenix,Unidentified man in Mr Weasley's ward
Harry Potter and the Order of the Phoenix,Unidentified women in Mr Weasley's ward
Harry Potter and the Order of the Phoenix,Willy Widdershins
Harry Potter and the Order of the Phoenix,Portrait of a Healer in St Mungo's Hospital
Harry Potter and the Order of the Phoenix,Miriam Strout
Harry Potter and the Order of the Phoenix,Janus Thickey
Harry Potter and the Order of the Phoenix,Agnes's son
Harry Potter and the Order of the Phoenix,Puddifoot
Harry Potter and the Order of the Phoenix,Roger Davies' date
Harry Potter and the Order of the Phoenix,Summerby
Harry Potter and the Order of the Phoenix,Tobias Snape
Harry Potter and the Order of the Phoenix,Eileen Prince
Harry Potter and the Order of the Phoenix,John Dawlish
Harry Potter and the Order of the Phoenix,Stebbins (Marauder-era)
Harry Potter and the Order of the Phoenix,Graham Montague's father
Harry Potter and the Order of the Phoenix,Graham Montague's mother
Harry Potter and the Order of the Phoenix,Bradley
Harry Potter and the Order of the Phoenix,Grawp
Harry Potter and the Order of the Phoenix,Magorian
Harry Potter and the Order of the Phoenix,Unidentified hard-faced grey centaur
Harry Potter and the Order of the Phoenix,Chambers
Harry Potter and the Order of the Phoenix,Eddie Carmichael
Harry Potter and the Order of the Phoenix,Harold Dingle
Harry Potter and the Order of the Phoenix,Daphne Greengrass
Harry Potter and the Order of the Phoenix,Tofty
Harry Potter and the Order of the Phoenix,Pierre Bonaccord
Harry Potter and the Order of the Phoenix,Sixth-Year Inquisitorial Squad Member
Harry Potter and the Order of the Phoenix,Unidentified centaur
Harry Potter and the Order of the Phoenix,Unidentified bearded centaur
Harry Potter and the Order of the Phoenix,Unidentified dun-coloured centaur
Harry Potter and the Order of the Phoenix,Unidentified snow white centaur
Harry Potter and the Order of the Phoenix,Unidentified Thestrals
Harry Potter and the Order of the Phoenix,Jugson
Harry Potter and the Order of the Phoenix,Unidentified female Seer
Harry Potter and the Order of the Phoenix,Unidentified male Seer
Harry Potter and the Order of the Phoenix,Williamson
Harry Potter and the Order of the Phoenix,Dr Ubbly's Oblivious Unction
Harry Potter and the Order of the Phoenix,Pandora Lovegood
Harry Potter and the Order of the Phoenix,Gregory Goyle's mother
Harry Potter and the Order of the Phoenix,Harry Potter
Harry Potter and the Order of the Phoenix,Alice Farrell
Harry Potter and the Order of the Phoenix,Butterbeer Chewy Candy
Harry Potter and the Order of the Phoenix,Muthead
Harry Potter and the Philosopher's Stone,Vernon Dursley
Harry Potter and the Philosopher's Stone,Petunia Dursley
Harry Potter and the Philosopher's Stone,Dudley Dursley
Harry Potter and the Philosopher's Stone,Lily Potter (I)
Harry Potter and the Philosopher's Stone,James Potter (I)
Harry Potter and the Philosopher's Stone,Harry Potter
Harry Potter and the Philosopher's Stone,Violet-cloaked wizard
Harry Potter and the Philosopher's Stone,Tom Riddle
Harry Potter and the Philosopher's Stone,Jim McGuffin
Harry Potter and the Philosopher's Stone,Ted
Harry Potter and the Philosopher's Stone,Vernon Dursley's secretary
Harry Potter and the Philosopher's Stone,Albus Dumbledore
Harry Potter and the Philosopher's Stone,Minerva McGonagall
Harry Potter and the Philosopher's Stone,Dedalus Diggle
Harry Potter and the Philosopher's Stone,Poppy Pomfrey
Harry Potter and the Philosopher's Stone,Rubeus Hagrid
Harry Potter and the Philosopher's Stone,Sirius Black
Harry Potter and the Philosopher's Stone,Marjorie Dursley
Harry Potter and the Philosopher's Stone,Arabella Figg
Harry Potter and the Philosopher's Stone,Mr Tibbles
Harry Potter and the Philosopher's Stone,Snowy
Harry Potter and the Philosopher's Stone,Mr Paws
Harry Potter and the Philosopher's Stone,Tufty
Harry Potter and the Philosopher's Stone,Yvonne
Harry Potter and the Philosopher's Stone,Piers Polkiss
Harry Potter and the Philosopher's Stone,Piers Polkiss's mother
Harry Potter and the Philosopher's Stone,Keeper of the reptile house
Harry Potter and the Philosopher's Stone,Zoo director
Harry Potter and the Philosopher's Stone,Boa constrictor at the zoo
Harry Potter and the Philosopher's Stone,Gorilla at the zoo
Harry Potter and the Philosopher's Stone,Dennis
Harry Potter and the Philosopher's Stone,Malcolm
Harry Potter and the Philosopher's Stone,Gordon
Harry Potter and the Philosopher's Stone,Dudley Dursley's parrot
Harry Potter and the Philosopher's Stone,Dudley Dursley's tortoise
Harry Potter and the Philosopher's Stone,Owner of the Railview Hotel
Harry Potter and the Philosopher's Stone,Rowboat owner
Harry Potter and the Philosopher's Stone,Merlin
Harry Potter and the Philosopher's Stone,Evans sisters' father
Harry Potter and the Philosopher's Stone,Evans sisters' mother
Harry Potter and the Philosopher's Stone,McKinnon family
Harry Potter and the Philosopher's Stone,Bones family
Harry Potter and the Philosopher's Stone,Prewett family
Harry Potter and the Philosopher's Stone,Cornelius Fudge
Harry Potter and the Philosopher's Stone,Miranda Goshawk
Harry Potter and the Philosopher's Stone,Bathilda Bagshot
Harry Potter and the Philosopher's Stone,Adalbert Waffling
Harry Potter and the Philosopher's Stone,Emeric Switch
Harry Potter and the Philosopher's Stone,Phyllida Spore
Harry Potter and the Philosopher's Stone,Arsenius Jigger
Harry Potter and the Philosopher's Stone,Newton Scamander
Harry Potter and the Philosopher's Stone,Quentin Trimble
Harry Potter and the Philosopher's Stone,Tom
Harry Potter and the Philosopher's Stone,Doris Crockford
Harry Potter and the Philosopher's Stone,Quirinus Quirrell
Harry Potter and the Philosopher's Stone,Gringotts Head Goblin
Harry Potter and the Philosopher's Stone,Griphook
Harry Potter and the Philosopher's Stone,Madam Malkin's Robes for All Occasions
Harry Potter and the Philosopher's Stone,Draco Malfoy
Harry Potter and the Philosopher's Stone,Lucius Malfoy
Harry Potter and the Philosopher's Stone,Narcissa Malfoy
Harry Potter and the Philosopher's Stone,Vindictus Viridian
Harry Potter and the Philosopher's Stone,Hedwig
Harry Potter and the Philosopher's Stone,Garrick Ollivander
Harry Potter and the Philosopher's Stone,King's Cross Station guard
Harry Potter and the Philosopher's Stone,Ginevra Weasley
Harry Potter and the Philosopher's Stone,Molly Weasley
Harry Potter and the Philosopher's Stone,Percy Weasley
Harry Potter and the Philosopher's Stone,Fred Weasley
Harry Potter and the Philosopher's Stone,George Weasley
Harry Potter and the Philosopher's Stone,Ronald Weasley
Harry Potter and the Philosopher's Stone,Neville Longbottom
Harry Potter and the Philosopher's Stone,Augusta Longbottom
Harry Potter and the Philosopher's Stone,Lee Jordan
Harry Potter and the Philosopher's Stone,Lee Jordan's tarantula
Harry Potter and the Philosopher's Stone,William Weasley
Harry Potter and the Philosopher's Stone,Charles Weasley
Harry Potter and the Philosopher's Stone,Arthur Weasley
Harry Potter and the Philosopher's Stone,Peter Pettigrew
Harry Potter and the Philosopher's Stone,Trolley witch
Harry Potter and the Philosopher's Stone,Cornelius Agrippa
Harry Potter and the Philosopher's Stone,Ptolemy
Harry Potter and the Philosopher's Stone,Gellert Grindelwald
Harry Potter and the Philosopher's Stone,Nicolas Flamel
Harry Potter and the Philosopher's Stone,Morgan le Fay
Harry Potter and the Philosopher's Stone,Hengist of Woodcroft
Harry Potter and the Philosopher's Stone,Alberic Grunnion
Harry Potter and the Philosopher's Stone,Circe
Harry Potter and the Philosopher's Stone,Phillipus von Hohenheim
Harry Potter and the Philosopher's Stone,Cliodna
Harry Potter and the Philosopher's Stone,Bertie Bott
Harry Potter and the Philosopher's Stone,Trevor
Harry Potter and the Philosopher's Stone,Hermione Granger
Harry Potter and the Philosopher's Stone,Vincent Crabbe
Harry Potter and the Philosopher's Stone,Gregory Goyle
Harry Potter and the Philosopher's Stone,Hermes
Harry Potter and the Philosopher's Stone,Fat Friar
Harry Potter and the Philosopher's Stone,Peeves
Harry Potter and the Philosopher's Stone,Sorting Hat
Harry Potter and the Philosopher's Stone,Hannah Abbott
Harry Potter and the Philosopher's Stone,Susan Bones
Harry Potter and the Philosopher's Stone,Terry Boot
Harry Potter and the Philosopher's Stone,Mandy Brocklehurst
Harry Potter and the Philosopher's Stone,Lavender Brown
Harry Potter and the Philosopher's Stone,Millicent Bulstrode
Harry Potter and the Philosopher's Stone,Justin Finch-Fletchley
Harry Potter and the Philosopher's Stone,Seamus Finnigan
Harry Potter and the Philosopher's Stone,Morag MacDougal
Harry Potter and the Philosopher's Stone,Lily Moon
Harry Potter and the Philosopher's Stone,Theodore Nott
Harry Potter and the Philosopher's Stone,Pansy Parkinson
Harry Potter and the Philosopher's Stone,Padma Patil
Harry Potter and the Philosopher's Stone,Parvati Patil
Harry Potter and the Philosopher's Stone,Sally-Anne Perks
Harry Potter and the Philosopher's Stone,Dean Thomas
Harry Potter and the Philosopher's Stone,Lisa Turpin
Harry Potter and the Philosopher's Stone,Blaise Zabini
Harry Potter and the Philosopher's Stone,Nicholas de Mimsy-Porpington
Harry Potter and the Philosopher's Stone,Bloody Baron
Harry Potter and the Philosopher's Stone,Seamus Finnigan's father
Harry Potter and the Philosopher's Stone,Seamus Finnigan's mother
Harry Potter and the Philosopher's Stone,Algie Longbottom
Harry Potter and the Philosopher's Stone,Enid (disambiguation)
Harry Potter and the Philosopher's Stone,Severus Snape
Harry Potter and the Philosopher's Stone,Argus Filch
Harry Potter and the Philosopher's Stone,Rolanda Hooch
Harry Potter and the Philosopher's Stone,Fat Lady
Harry Potter and the Philosopher's Stone,Mrs Norris
Harry Potter and the Philosopher's Stone,Pomona Sprout
Harry Potter and the Philosopher's Stone,Cuthbert Binns
Harry Potter and the Philosopher's Stone,Emeric the Evil
Harry Potter and the Philosopher's Stone,Uric the Oddball
Harry Potter and the Philosopher's Stone,Filius Flitwick
Harry Potter and the Philosopher's Stone,Fang
Harry Potter and the Philosopher's Stone,Oliver Wood
Harry Potter and the Philosopher's Stone,Helena Ravenclaw
Harry Potter and the Philosopher's Stone,Draco Malfoy's eagle owl
Harry Potter and the Philosopher's Stone,Gregory the Smarmy
Harry Potter and the Philosopher's Stone,Fluffy
Harry Potter and the Philosopher's Stone,Baruffio
Harry Potter and the Philosopher's Stone,Quirinus Quirrell's first mountain troll
Harry Potter and the Philosopher's Stone,Angelina Johnson
Harry Potter and the Philosopher's Stone,Marcus Flint
Harry Potter and the Philosopher's Stone,Alicia Spinnet
Harry Potter and the Philosopher's Stone,Katie Bell
Harry Potter and the Philosopher's Stone,Miles Bletchley
Harry Potter and the Philosopher's Stone,Adrian Pucey
Harry Potter and the Philosopher's Stone,Terence Higgs
Harry Potter and the Philosopher's Stone,Irma Pince
Harry Potter and the Philosopher's Stone,Perenelle Flamel
Harry Potter and the Philosopher's Stone,Norberta
Harry Potter and the Philosopher's Stone,Charlie Weasley's colleagues
Harry Potter and the Philosopher's Stone,Ronan
Harry Potter and the Philosopher's Stone,Bane
Harry Potter and the Philosopher's Stone,Firenze
Harry Potter and the Philosopher's Stone,Unicorn
Harry Potter and the Philosopher's Stone,Elfric the Eager
Harry Potter and the Philosopher's Stone,Hogwarts Giant Squid
Harry Potter and the Philosopher's Stone,Quirinus Quirrell's second mountain troll
Harry Potter and the Philosopher's Stone,King's Cross Station
Harry Potter and the Philosopher's Stone,Wizardkind
Harry Potter and the Philosopher's Stone,Harry Potter
Harry Potter and the Philosopher's Stone,Alice Farrell
Harry Potter and the Philosopher's Stone,Butterbeer Chewy Candy
Harry Potter and the Philosopher's Stone,Muthead
Harry Potter and the Prisoner of Azkaban,Wendelin the Weird
Harry Potter and the Prisoner of Azkaban,Unidentified Hogwarts owl
Harry Potter and the Prisoner of Azkaban,Fleetwood
Harry Potter and the Prisoner of Azkaban,Ripper
Harry Potter and the Prisoner of Azkaban,Fubster
Harry Potter and the Prisoner of Azkaban,Stanley Shunpike
Harry Potter and the Prisoner of Azkaban,Ernest Prang
Harry Potter and the Prisoner of Azkaban,Dishevelled Wizard
Harry Potter and the Prisoner of Azkaban,Marsh
Harry Potter and the Prisoner of Azkaban,Prime Minister
Harry Potter and the Prisoner of Azkaban,Florean Fortescue
Harry Potter and the Prisoner of Azkaban,Cassandra Vablatsky
Harry Potter and the Prisoner of Azkaban,Magical Menagerie saleswoman
Harry Potter and the Prisoner of Azkaban,Crookshanks
Harry Potter and the Prisoner of Azkaban,Remus Lupin
Harry Potter and the Prisoner of Azkaban,Silvanus Kettleburn
Harry Potter and the Prisoner of Azkaban,Dementor
Harry Potter and the Prisoner of Azkaban,Cadogan
Harry Potter and the Prisoner of Azkaban,Sybill Trelawney
Harry Potter and the Prisoner of Azkaban,Bilius
Harry Potter and the Prisoner of Azkaban,Hogwarts Hippogriff herd
Harry Potter and the Prisoner of Azkaban,Buckbeak
Harry Potter and the Prisoner of Azkaban,Binky
Harry Potter and the Prisoner of Azkaban,Remus Lupin's Grindylow
Harry Potter and the Prisoner of Azkaban,Cedric Diggory
Harry Potter and the Prisoner of Azkaban,Cho Chang
Harry Potter and the Prisoner of Azkaban,Roger Davies
Harry Potter and the Prisoner of Azkaban,Unidentified Committee for the Disposal of Dangerous Creatures member
Harry Potter and the Prisoner of Azkaban,Walden Macnair
Harry Potter and the Prisoner of Azkaban,Lyall Lupin
Harry Potter and the Prisoner of Azkaban,Hope Howell
Harry Potter and the Prisoner of Azkaban,Pigwidgeon
Harry Potter and the Prisoner of Azkaban,Unidentified Muggle woman (II)
Harry Potter and the Prisoner of Azkaban,Boggart
Harry Potter and the Prisoner of Azkaban,Unidentified Gryffindor girls
Harry Potter and the Prisoner of Azkaban,Hinkypunk
Harry Potter and the Prisoner of Azkaban,Davey Gudgeon
Harry Potter and the Prisoner of Azkaban,Ambrosius Flume
Harry Potter and the Prisoner of Azkaban,Ambrosius Flume's wife
Harry Potter and the Prisoner of Azkaban,Rosmerta
Harry Potter and the Prisoner of Azkaban,Peter Pettigrew's mother
Harry Potter and the Prisoner of Azkaban,Derek
Harry Potter and the Prisoner of Azkaban,Unnamed First Year
Harry Potter and the Prisoner of Azkaban,Unnamed Slytherin Fifth Year
Harry Potter and the Prisoner of Azkaban,Septima Vector
Harry Potter and the Prisoner of Azkaban,Security Troll
Harry Potter and the Prisoner of Azkaban,Cassius Warrington
Harry Potter and the Prisoner of Azkaban,Graham Montague
Harry Potter and the Prisoner of Azkaban,Peregrine Derrick
Harry Potter and the Prisoner of Azkaban,Lucian Bole
Harry Potter and the Prisoner of Azkaban,Harry Potter
Harry Potter and the Prisoner of Azkaban,Alice Farrell
Harry Potter and the Prisoner of Azkaban,Butterbeer Chewy Candy
Harry Potter and the Prisoner of Azkaban,Muthead
